country_name,Current health expenditure (% of GDP),"GDP per capita, PPP (constant 2017 international $)",Gini index (World Bank estimate),"Government expenditure on education, total (% of GDP)",International migrant stock (% of population),"PM2.5 air pollution, mean annual exposure (micrograms per cubic meter)","Population ages 20-24, female (% of female population)","Population ages 20-24, male (% of male population)","Population ages 25-29, female (% of female population)","Population ages 25-29, male (% of male population)","Population ages 30-34, female (% of female population)","Population ages 30-34, male (% of male population)","Population, total",Urban population (% of total population)
Afghanistan,9.39572716,1978.96157867341,,3.21377992630005,1.17554692684705,56.9108083545081,10.0738620929971,10.0983792515768,7.90726039722509,8.06354941727095,6.2216825217459,6.50332281835468,38928341.0,26.026
Africa Eastern and Southern,5.92588179332181,3371.81470437759,,4.71929979324341,1.73476797332449,35.5129881778152,9.21857899179927,9.35560677604834,7.90686324827345,7.94718201434864,6.76355830091909,6.72344238832755,677243299.0,36.7833061490919
Africa Western and Central,4.00478985770891,3995.03992659778,,3.03285002708435,2.07969107270558,58.0644822367888,8.94079164103765,9.04198917303906,7.52233518855572,7.57869805926659,6.42544358767282,6.42782228871539,458803476.0,47.8486254352506
Albania,5.26271439,13295.4108845409,33.2,3.94576001167297,1.98903641031678,18.2006025215914,7.8538744280249,8.01344153193046,8.13864124334966,8.82882255511998,7.16807045006461,8.37248773480693,2837743.0,62.112
Algeria,6.2184267,10681.6792969827,27.6,6.10035991668701,0.611072022730303,38.8840106983002,6.76958146971261,6.9108886381971,8.12023744039275,8.17923040589681,8.52734922214743,8.47493126238162,43851043.0,73.733
American Samoa,,,,,41.8020094349815,12.4738202417443,,,,,,,55197.0,87.153
Andorra,6.71033096,,,3.15060997009277,59.713649198984,10.3076213949548,,,,,,,77265.0,87.916
Angola,2.54900527,6198.08384070806,51.3,1.82117998600006,0.427004679966497,32.3885049076425,8.78223454806684,8.75870110270853,7.41372173072877,7.33289793227546,6.27160517320934,6.14562443460897,32866268.0,66.825
Antigua and Barbuda,5.23155928,17956.315715683,,3.32161998748779,30.5855061099131,18.6223428464755,7.40638386071577,8.09621527851234,7.24846522829112,7.70695381751253,7.28597090349197,7.13998603736064,97928.0,24.433
Arab World,5.23099782538083,13385.2365288385,,,9.0661273883959,58.6874749438091,8.32180048343839,8.27298084467001,8.2641622345872,8.68598840253713,7.96023229745431,8.53094728160398,436080728.0,59.4717656085526
Argentina,9.62454033,19686.5236589267,42.9,4.80237007141113,4.80529233472193,13.311833946835,7.40754453639495,7.99458627558637,7.53906259619381,8.05115082461697,7.1726896238161,7.52293989073318,45376763.0,92.111
Armenia,10.02538967,12592.6353675009,29.9,2.70476007461548,6.33589288838696,32.5281183420597,5.32466978063533,6.6674224231514,7.72093046963753,7.981936463361,8.98159717155988,9.05659348504427,2963234.0,63.313
Aruba,,38444.2381571851,,5.4913501739502,34.7621018587146,,6.69766944622621,7.51550096757632,6.43753118095646,7.50760238537183,4.77870429762669,5.41447810118084,106766.0,43.697
Australia,9.28459835,48697.8370282475,34.4,5.10789012908936,28.2184096915625,8.55032440147794,6.1192901696521,6.38826644617035,6.80543377931041,7.16380710509996,7.31081387638838,7.39910817116026,25687041.0,86.241
Austria,10.32559872,52119.8482451895,30.8,5.22535991668701,17.465726250517,12.4779667308248,5.37586257412066,5.92971447787695,6.44994020858347,7.02900269410641,6.6688505880274,7.11371579688767,8917205.0,58.748
Azerbaijan,3.51373243,13699.665590318,,2.68108010292053,2.70906158396255,19.9286636166698,6.72299261938737,7.46284452433567,8.65356287531941,8.8995439776459,9.37339578138662,9.19255453076453,10110116.0,56.397
"Bahamas, The",6.24896193,30764.1159665551,,2.51087999343872,15.2843030882508,17.3677204858567,8.29957211050927,8.74861978199097,8.16452721921298,8.66960066564448,7.00897825925651,7.24568665518883,393248.0,83.245
Bahrain,4.13356352,40933.3526644217,,2.32452011108398,51.12678500505,70.8162076823101,6.46604858686195,4.79938644620409,11.4047535471936,13.3061753389903,12.1836472253784,20.0117403955023,1701583.0,89.506
Bangladesh,2.3428061,4818.09473660531,32.4,1.32632005214691,0.883753735396142,60.8457845768598,9.2063498496106,9.29924687638979,8.92557467109131,8.71698865666445,8.57682109019035,8.14200411563381,164689383.0,38.177
Barbados,6.56259155,12870.0425037649,,4.29515981674194,12.1299016589554,23.0801758047572,6.22441616594846,6.85844525610422,6.34040745311457,6.76353858100141,6.12730718134429,6.48169451554456,287371.0,31.191
Belarus,5.64426613,19148.1751007952,25.3,4.95244979858398,11.4040105621143,18.7655799063811,4.09635414500805,4.9690785060669,6.30898816108028,7.58584132671814,7.86539837788621,9.47445393848706,9398861.0,79.483
Belgium,10.31865311,48203.6419388597,27.2,6.37663984298706,12.2835331942319,12.8865184713072,5.473475098973,5.87991473338515,6.09423225333393,6.47869596741834,6.34576849256691,6.53281885544628,11555997.0,98.079
Belize,5.69105911,6047.67621765122,,7.94095993041992,14.990801225761,23.0118921090113,9.87241068748124,9.9160097289152,9.19693785649955,9.15094482734209,8.23326328429901,7.91258134819302,397621.0,46.025
Benin,2.49141979,3323.14445067571,47.8,2.96519994735718,2.25554096484421,38.9999587632257,9.10490282503563,9.30361623772267,7.76025506883398,7.84516921011495,6.48347737252737,6.47216632024324,12123198.0,48.415
Bermuda,,81804.2656772398,,1.32495999336243,30.8463970066447,11.646359194991,,,,,,,63903.0,100.0
Bhutan,3.0574255,10909.1001689407,37.4,6.85084009170532,6.59576939457687,37.926503204094,9.60431505428394,9.65307361608634,9.78936449761427,10.6355480666298,9.55535578452389,10.0400646692043,771612.0,42.316
Bolivia,6.30102587,7931.75430816228,41.6,,1.33326744185504,21.5689865956858,9.01262422592566,9.23697925868796,8.27773297036462,8.41571186436917,7.43794077740193,7.48423656529622,11673029.0,70.123
Bosnia and Herzegovina,8.895051,14339.8311811662,33.0,,0.913364839954483,27.7476689647337,6.24887259990706,6.94313302116445,5.44186318768419,5.97506922966322,6.30657159274307,6.89651309061508,3280815.0,49.02
Botswana,5.84825039,16040.0084730125,53.3,6.91437005996704,7.10033436685768,23.094386181065,8.32534725028577,9.02406199987885,8.2537611564618,8.66386503719167,8.0397451271148,7.88096557015676,2351625.0,70.877
Brazil,9.51438713,14059.3695983786,53.4,6.08851003646851,0.34331320024167,12.7066294740724,7.83038112317839,8.3166485188319,7.78607813245183,8.17153254837952,7.93186773074,8.20761213615835,212559409.0,87.073
British Virgin Islands,,,,2.918790102005,57.4692034399177,,,,,,,,30237.0,48.515
Brunei Darussalam,2.41291642,62243.5831517924,,4.42540979385376,24.2759719084662,5.90306546792381,7.93269230769231,8.15112759761572,7.81487534204926,7.95023503548661,8.47046974764366,8.94808953816739,437483.0,78.25
Bulgaria,7.34667873,22383.8055436428,41.3,4.09102010726929,1.428196392424,19.1491323370921,4.04347787161992,4.59201077851091,5.2780889477283,5.98063910571079,6.5162531432517,7.34789890463324,6927288.0,75.686
Burkina Faso,5.62852383,2160.51152951619,35.3,5.78548002243042,3.89203985292924,42.9355925055958,9.03492974418575,9.33457913108766,7.51823983500605,7.67729089348841,6.29199130090983,6.34113163281748,20903278.0,30.607
Burundi,7.74165535,731.063229715588,38.6,5.07864999771118,2.56563222872762,38.8962679482295,8.74053170825101,8.79905028319297,8.31223333589833,8.28547912290859,7.3819416960709,7.33784710969609,11890781.0,13.708
Cabo Verde,5.35998297,6045.06088391258,42.4,4.73345994949341,2.86723201832078,34.7787001010668,8.1568672775408,8.37462426151041,9.10496223873212,9.55764070264441,8.95724001430269,9.93597666928206,555988.0,66.652
Cambodia,6.02654314,4191.85000307673,,2.16285991668701,0.474794450779274,25.6142918675755,8.8176690901131,9.48024753431089,9.11410876373378,9.91673551876256,7.46995254043483,7.37682825592006,16718971.0,24.232
Cameroon,3.52989626,3576.3494994505,46.6,3.10050010681152,1.63631370372888,72.7930962237353,9.08989509140585,9.1426688483721,8.02469614973906,8.0364764076425,7.01049658714145,7.00914922902823,26545864.0,57.56
Canada,10.79046917,45910.1749548491,33.3,5.26205015182495,21.801663648343,6.42838313258525,6.07699777048675,6.45004013948618,7.06789839168155,7.41793613107883,6.89326905621516,7.02510941333143,38005238.0,81.562
Caribbean small states,6.37330337902145,14724.9022671702,,5.40337991714478,4.84608910418427,19.0098316755753,8.06416359966114,8.50437749623086,7.99905413657964,8.32145832782289,7.46038925750806,7.66172049267772,7442291.0,51.5564381985332
Cayman Islands,,73443.0617353665,,,39.5650941351076,,,,,,,,65720.0,100.0
Central African Republic,10.99253082,928.589507504538,,1.76871001720428,1.6651721924121,56.8284973827312,9.89493053804991,10.0983190771089,7.32862781548962,7.46494840107233,5.68233977440775,5.79442633003097,4829764.0,42.198
Central Europe and the Baltics,6.61084946814308,31356.2843869577,,4.26692008972168,3.27849527185178,17.6332921135872,4.78045135086637,5.33502039014009,5.81205133357371,6.56916703843141,6.65709301891439,7.61943875215518,102246330.0,62.5580321482346
Chad,4.09880257,1519.91236158763,43.3,2.37245988845825,3.68277137079953,66.0292054967769,9.30956665149874,9.38669564167572,7.56656372493538,7.59879368354559,6.00829912242002,6.04574051513566,16425859.0,23.52
Channel Islands,,,,,50.2816264692227,,5.75926368907266,6.25188799814105,6.31172470355056,6.72824445219008,6.65573135586463,6.89671197862205,173859.0,30.963
Chile,9.14051342,23325.3895513801,44.4,5.43316984176636,2.61551321666127,21.0362990619754,7.1289422467685,7.55464678422296,8.08788777508787,8.58155532514456,7.84856158686719,8.33100547027484,19116209.0,87.727
China,5.35107994,16410.7977967793,38.5,3.54249000549316,0.071076396299372,52.6645958291981,5.83164688145829,6.26807067127394,6.62783082507663,6.97907600994539,8.88572757246609,9.00013104009288,1402112000.0,61.428
Colombia,7.63980007,13441.4929522564,51.3,4.5062198638916,0.276047226979187,16.5272102219124,8.39783429967658,8.99182391175608,8.45841351871473,8.94555534369141,7.81786617819225,8.13346592720209,50882884.0,81.425
Comoros,4.58884811,3140.69877162092,45.3,2.5450599193573,1.59231629704974,20.5468245996681,9.09194276724014,9.20978541124761,8.15446162128547,8.23521097541793,7.29935815028473,7.34407378953296,869595.0,29.38
"Congo, Dem. Rep.",3.30075741,1072.21011269575,42.1,1.45494997501373,0.70624628058302,44.9092635986842,8.60755173904699,8.65378017333505,7.18686835625831,7.19327136563017,5.97781126725794,5.9490064140214,89561404.0,45.638
"Congo, Rep.",2.13848233,3475.52246388273,48.9,3.89800000190735,8.50579936930912,46.6382202758892,8.59697242065116,8.66510343246473,7.18997586019337,7.23512140337029,6.39621585173393,6.42791795051871,5518092.0,67.829
Costa Rica,7.56336021,19017.7892740018,48.2,6.74626016616821,8.77100991087492,15.7259203021082,7.69576601054986,8.01795309845364,8.18438171576885,8.47133838046487,8.3431867237758,8.56202329517861,5094114.0,80.771
Cote d'Ivoire,4.19003773,5174.10055275463,41.5,3.70040011405945,9.58259865535208,25.8862663364222,9.74360170348515,9.50516451409659,8.15065421461176,7.94397603677489,6.68281095696211,6.51937012325964,26378275.0,51.706
Croatia,6.82702351,26465.1273096002,29.7,3.90566992759705,13.6047139871854,17.9017722884016,5.41106766962562,6.11799572776528,5.43134071127802,6.09308783140638,5.96182647405239,6.60700897088454,4047200.0,57.553
Cuba,11.18745422,,,12.8373098373413,0.117089665081063,19.7060474004201,5.9806268397734,6.4050155526803,6.08912832000853,6.62365287754816,7.14885884076654,7.5279347192871,11326616.0,77.194
Curacao,,24494.3426149147,,4.93095016479492,23.925115932902,,5.23406031749613,6.44238031509626,5.77450327763424,6.51790801521154,5.70793514684478,5.65662722442327,155014.0,89.062
Cyprus,6.76976299,37655.1803457421,32.7,5.75416994094849,16.834034154295,17.2944061994662,7.26160765889373,8.22068750683497,7.69201469908769,8.59830923557697,7.7120528875692,8.2660882763283,1207361.0,66.821
Czech Republic,7.64651203,38509.2669114162,25.0,4.26692008972168,3.84222568016916,16.0712453523646,4.23446507469934,4.57450912485524,5.71018640806701,6.13577335476267,6.42009690129238,6.97749577905981,10698896.0,74.061
Denmark,10.0707159,55819.9095281648,28.2,7.75243997573853,10.0989913532723,10.0296534385694,6.25416689267732,6.66022773802937,6.75920630092535,7.12418484517919,5.97993300014213,6.28021286667424,5831404.0,88.116
Djibouti,2.32438445,5481.11481697609,41.6,3.62773990631104,12.6541204084874,45.5496175977411,8.80537473694535,9.42401920642475,8.57915306529299,9.03345517184239,8.76806202013181,8.70300755501519,988002.0,78.062
Dominica,6.59153605,9891.29193953719,,4.99812984466553,9.24600990643918,19.4931537608634,,,,,,,71991.0,71.09
Dominican Republic,5.73298407,17003.0130207249,41.9,4.04276990890503,3.94707985294239,13.726321150433,8.51520655476603,8.80758317420932,8.40304562058516,8.46209981680283,7.66002087040568,7.5607498127609,10847904.0,82.54
Early-demographic dividend,4.99168009995052,8748.67376900933,,3.56645500659943,1.64908353078234,60.3683073688118,8.623722547702,8.89938622312577,8.31277448933175,8.49030861525594,7.92456197971287,7.97363166349544,3332105361.0,45.9592079871492
East Asia & Pacific,6.68437783841147,17540.6032339977,,3.43450498580933,1.13179999499114,39.7502735335937,6.42089235710542,6.84118308955065,6.90945940533877,7.25060118632785,8.14431622458491,8.30913961011949,2352037717.0,60.6950244969031
East Asia & Pacific (IDA & IBRD countries),5.090514313172,14592.3740406452,,3.23436999320984,0.413739762294847,42.671324308428,6.5574891530686,6.95465759916138,7.06652399608908,7.36814993539339,8.43890545008932,8.55000142886079,2079198305.0,57.4197244466078
East Asia & Pacific (excluding high income),5.09038284289168,14431.6054187478,,3.23436999320984,0.411757901461309,42.5393893910093,6.56562345063612,6.96551537745412,7.07074745953785,7.37576161030081,8.41958633079756,8.537058249932,2105003391.0,57.480840395812
Ecuador,8.13646507,10329.1987527594,45.7,4.13413000106812,2.40029910130242,14.8861006610676,8.73877580964241,9.01922714486582,8.25155656960192,8.40825641753855,7.69946774282979,7.75308718087968,17643060.0,64.166
"Egypt, Arab Rep.",4.947577,11951.4475270117,31.5,3.9308500289917,0.537267286680377,86.9994520503272,8.10822250106905,8.33856547438321,7.89671402653931,7.92278578311583,7.89859427742877,7.86415846766858,102334403.0,42.783
El Salvador,7.10940361,8056.54308612852,38.8,3.38515996932983,0.686271613393632,24.4722922946922,9.34077767925289,10.2373054619513,8.89408213922233,9.08647804127487,7.53222599605714,7.06080573727516,6486201.0,73.444
Equatorial Guinea,2.99830961,17007.6247800252,,,1.28097413201429,53.2406210371101,9.28726881409562,10.2987006330249,8.9991246456421,11.8101437761091,8.44468001381293,11.6720059458213,1402985.0,73.1
Eritrea,4.09255791,,,,0.334267017850319,48.0301986806015,11.0107284722892,11.0748155691277,9.30972592470472,9.32960031470891,6.60331403722148,6.44518363414094,3213969.0,35.771
Estonia,6.6878767,35251.0230147826,30.3,5.23887014389038,15.4163092221449,6.73212401545877,4.07444386985502,4.70438662372545,5.9126207055608,7.36264750435989,6.85577502961682,8.54650126659623,1331057.0,69.229
Eswatini,6.54034519,8392.71756391091,54.6,5.34233999252319,2.45374795061268,17.1687873115117,9.16366065011323,10.3041547710071,8.19083006739806,9.07518992136589,7.53837756471976,6.6784629521812,1160164.0,24.171
Ethiopia,3.29555655,2296.82735215213,35.0,5.06867980957031,1.07952601222951,38.9787377576037,10.1244599607275,10.311212360694,8.3598291760571,8.50140484955405,6.54091681569164,6.53956185176044,114963583.0,21.695
Euro area,10.1379246099839,43843.8334152042,,4.80559992790222,12.2191205499222,12.5250011699171,5.05768941002393,5.58762603525131,5.38082961737149,5.87719319368174,5.8971703837679,6.30472626046249,342949773.0,77.461870037383
Europe & Central Asia,9.29894471984055,33330.8272395674,,4.67819976806641,9.47864028194793,18.0835998714516,5.39806825908822,6.01708489101233,6.12259841198213,6.76365235969509,6.94636451854936,7.53667464834097,923489941.0,72.614776748695
Europe & Central Asia (IDA & IBRD countries),5.37098671899898,22524.2552415672,,3.94576001167297,6.48436441408579,24.0929687732475,5.601142343698,6.35834042804397,6.59046736776986,7.4245970852686,7.78359244787671,8.62377770338548,462247461.0,66.6757012530986
Europe & Central Asia (excluding high income),5.17963794424044,21609.4840967603,,3.94576001167297,6.86506669330059,24.4503391683027,5.65910550933059,6.44605097138967,6.64008485563801,7.4865833151574,7.87598111956142,8.69906438492782,420249459.0,67.3654398572274
European Union,9.85591128283436,41639.2338945007,,4.62730979919434,10.3630064607208,13.4659068558905,5.03075290264084,5.55613485465547,5.51971300370665,6.05525783298777,6.06708571543765,6.57353040468291,447794691.0,74.9565011459504
Faroe Islands,,,,8.23338031768799,11.4462955662981,,,,,,,,48865.0,42.398
Fiji,3.42366552,10997.4734833646,36.7,5.06788015365601,1.54134137387981,10.8401599042944,7.96133138649175,8.07456973071553,7.79181151198166,7.83867599962997,7.35309407674956,7.55586782902881,896444.0,57.247
Finland,9.037323,47090.7257787402,27.3,6.26929998397827,5.73968325726902,5.86133100081928,5.4340472141272,5.87936053426907,6.24606525200903,6.72268323228686,5.99908414734545,6.54950252634491,5530719.0,85.517
Fragile and conflict affected situations,4.43640194802151,4091.27602297305,,3.13120007514954,1.78349670935069,50.0530805292953,9.03408977530697,9.19688387161642,7.75514296899345,7.83097475964479,6.65140953464608,6.63436372191446,930006546.0,42.6435774684459
France,11.25789452,42313.1931088138,32.4,5.41316986083984,12.0884793768866,11.8149636162893,5.4270567516628,5.91642806978779,5.49792059016664,5.76802606080972,5.96593364205663,6.11585385445878,67391582.0,80.975
French Polynesia,,,,,10.6300660621578,,7.68304205765888,7.59589768102291,6.75547990161782,6.7172310049838,8.30261895660077,7.84192435031386,280904.0,61.975
Gabon,2.74503946,14399.8688094117,38.0,2.76782989501953,15.5558595298651,44.3855484644179,8.15437095218662,7.97013560441151,8.49969895889188,8.39605103570275,8.50134599231019,8.46560986676129,2225728.0,90.092
"Gambia, The",3.09379649,2159.44190927585,35.9,2.87529993057251,9.67088648285922,33.9826385538147,9.44329148756613,9.44081966392445,8.37977086076623,8.25337493950974,6.72238622668957,6.54946852003271,2416664.0,62.582
Georgia,7.11329746,14089.3023335327,35.9,3.83912992477417,4.22024835167253,22.1960546181194,5.27896288604888,6.47955241536124,6.31548295264058,7.12282120967144,6.97263533383015,7.57405612270392,3714000.0,59.453
Germany,11.42995071,51259.2395557078,31.9,4.99274015426636,14.8790512953233,12.028767360745,5.12400457382563,5.75261039169222,5.43364131552576,6.08895938568151,6.18159671982892,6.81584427781873,83240525.0,77.453
Ghana,3.53888083,5318.76952027577,43.5,4.0041298866272,1.45739715218881,34.713514102152,9.12282794705405,9.28539741494587,8.09044161612264,8.24483226951316,7.22807481015726,7.355606816229,31072945.0,57.349
Gibraltar,,,,,34.3452214669274,,,,,,,,33691.0,100.0
Greece,7.71544075,27287.0834009302,32.9,3.59395003318787,11.3423773738507,16.2182663806558,4.87949457626672,5.28653632863979,4.72979313125679,5.41025046590717,5.41928652046359,6.06349785938771,10715549.0,79.715
Greenland,,,,10.5601902008057,10.6948350122806,11.6021794589767,,,,,,,56367.0,87.282
Grenada,4.46386862,15065.8719536331,,3.55255007743835,6.60613152351978,22.722687475907,7.68624782912288,7.77538559277168,8.49909584086799,8.54657113613101,8.16070757166132,8.44774644407581,112519.0,36.537
Guam,,,,,44.7885334196663,11.6344068102394,7.87752710926198,8.50129198966408,7.69221572636084,7.95160911439981,6.96173021053764,6.92389006342495,168783.0,94.938
Guatemala,5.70716429,8388.39049455986,48.3,3.29972004890442,0.46718767180629,24.0706489340746,9.78522429217366,10.3450518170785,8.84668224246622,9.13817876271835,7.5630541506601,7.55367357534613,16858333.0,51.836
Guinea,3.93172431,2670.82335507085,33.7,2.19947004318237,1.81156655898875,26.062490198745,9.51793612503942,10.3844907963409,7.82319437343851,8.34749672371583,6.34246362373476,6.27157759339574,13132792.0,36.875
Guinea-Bissau,6.99553871,1847.46582390878,50.7,2.94781994819641,1.21090371816247,29.774702280636,9.08760841258805,9.31063317042261,8.21513513836127,8.18597790577493,7.15316675668928,6.95900570793449,1967998.0,44.196
Guyana,5.93609333,18679.9802306241,,4.45058012008667,2.00551438236962,22.3755746295002,9.47213626249968,10.2030342637701,8.46653538272678,8.79941549593097,5.61443441344211,5.58236779766856,786559.0,26.786
Haiti,7.69460344,2773.08136431323,41.1,1.68210005760193,0.369048200333356,15.0198243767223,9.28609467168782,9.39891885551179,8.59273612174883,8.58330615512993,7.97880849460742,7.90794187093271,11402533.0,57.088
Heavily indebted poor countries (HIPC),4.86281757924908,2513.17986303113,,3.43867993354797,1.66841412867813,40.7181628757151,9.29637965549261,9.42946875517674,7.81696009673866,7.87285238422835,6.50186397281808,6.47836170004431,823480038.0,36.9630236104351
High income,12.4636793860796,47757.8111291469,,4.8984899520874,13.592201838246,14.6933163950619,5.71667168075142,6.13155878623205,6.24848735773871,6.88698898483525,6.49016066353771,7.13469583935985,1214930230.0,81.7553882986929
Honduras,7.04958153,5138.38539820015,48.2,4.91284990310669,0.3476135161844,20.6288506487651,10.0662506093958,10.4240757504728,8.87322710205241,9.112243578345,7.85858303764855,7.96374129095876,9904608.0,58.359
"Hong Kong SAR, China",,56153.9714986058,,4.4063401222229,38.9499399216491,,4.5707488831303,5.49169599606473,6.55299234322541,6.61131051677692,7.6151954417224,6.61020575834979,7481800.0,100.0
Hungary,6.70007229,31007.7684065437,29.6,4.62730979919434,4.56246525249104,15.9260481922424,4.985735062115,5.77523634883243,6.12064806792173,7.04427386888337,5.91000268270124,6.80679418079076,9749763.0,71.942
IBRD only,5.54751001072182,12962.5028430023,,3.88286006450653,1.36877772034858,52.0213673767873,7.30750939087741,7.73381771962265,7.54821983330479,7.89260650612017,8.16931831096936,8.3601465964657,4853608684.0,56.2077003465471
IDA & IBRD total,5.45312634127271,10513.7316648242,,3.66319990158081,1.42569725608721,51.1744344943517,7.80553900495999,8.15217858384225,7.69631571671051,7.95347283691695,7.87938936996073,7.99977330305972,6562212357.0,51.4677108538871
IDA blend,3.79918359239686,4725.13717967442,,3.89800000190735,1.68093673153692,57.1610931739495,9.06270457421645,9.16151187264715,8.0990096854308,8.09563133054017,7.18499864834867,7.12445560216165,574159138.0,43.194213462972
IDA only,4.33680552044022,3005.176995723,,3.44075500965118,1.55818446770008,44.349111505009,9.27832131226825,9.45429676565066,8.11990843984651,8.14533462903267,7.00336196747985,6.88117526807624,1134444535.0,35.3502506753276
IDA total,4.08866968899952,3570.50055002119,,3.44283008575439,1.5995466283386,48.6603098155099,9.20668255489991,9.35460903954417,8.11296481937245,8.12841159466474,7.06371083569631,6.9640076268862,1708603673.0,37.988877493181
Iceland,8.46930885,51872.4985061033,26.1,7.57405996322632,11.3901495029218,6.48114726265749,6.41172834054579,6.62116040955631,7.30136300744797,7.67655552638488,6.74497335806176,6.91345059945743,366425.0,93.898
India,3.544245,6121.31498436014,35.7,3.45097994804382,0.399752709149401,90.8732104688993,8.69493076906234,9.04556174286029,8.35082890619895,8.65140915929873,8.04056953002723,8.21012527705827,1380004385.0,34.926
Indonesia,2.87053037,11444.9606828103,38.2,2.84185004234314,0.127675543243526,16.5026533008949,8.120059119731,8.44172420017473,7.56818414771214,7.72603199232088,7.37672614180724,7.2287130570522,273523621.0,56.641
"Iran, Islamic Rep.",8.66168594,12433.2969754764,42.0,3.66319990158081,3.44639753479213,38.9787602813703,6.62521585241749,6.60520463796729,8.18629333632034,7.97588572416516,10.2318344359985,9.9316159159578,83992953.0,75.874
Iraq,4.1062417,9473.66954193327,29.5,,0.9715760982742,61.6362357139826,9.35550831939531,9.53652702176043,8.28971959088283,8.44389304176517,7.22278813323618,7.33171861880015,40222503.0,70.893
Ireland,6.92870378,90687.4760461522,31.4,3.38309001922607,15.9169365666588,8.20857673526837,5.75190221227318,5.98307299368633,5.4879512814872,5.7600121402542,6.27461594797717,6.32023428732506,4994724.0,63.653
Isle of Man,,,,,51.516290726817,,,,,,,,85032.0,52.898
Israel,7.51703548,38404.9500467681,39.0,6.1648998260498,24.9469000386407,21.3811022400146,6.98924236513393,7.43064777488634,6.43765135399722,6.80413275684017,6.42458614572676,6.62479686600898,9216900.0,92.587
Italy,8.66763401,38992.1483807498,35.9,4.2557201385498,9.6807677420957,16.7507119446607,4.56396434733343,5.18578456725172,4.95002224560691,5.5209089696979,5.3588527603844,5.78501225892966,59554023.0,71.039
Jamaica,6.06135607,8739.98667203709,,5.40337991714478,0.829367046917036,13.4041505299481,8.59029714653508,9.05282310441802,8.39807712937138,8.78221279890803,7.71253486376314,7.99242808277668,2961161.0,56.311
Japan,10.95338821,39200.6571671353,32.9,,1.61477505702794,11.7047781866642,4.5135088905154,4.98045076157783,4.63339595518549,5.10348275133639,5.12058750671878,5.62810465459639,125836021.0,91.782
Jordan,7.79041338,9816.55451590329,33.7,2.98847007751465,40.9771116038916,33.0060811782318,9.25158040412049,9.17800866012038,8.49089397777835,8.41437799108359,7.63167982917361,7.60866430157769,10203140.0,91.418
Kazakhstan,2.92212725,25337.152399391,27.8,2.8569700717926,20.1233050855632,13.8242883553909,5.54997802099554,6.18580899093037,7.58598509401302,8.1209146686925,8.71822460969676,8.94399710126448,18754440.0,57.671
Kenya,5.16729498,4220.44024846369,40.8,5.07996988296509,2.35472288542212,28.5783742715702,9.67513016133319,9.80294310386198,8.09713665952101,8.11115448093377,7.50401446831347,7.45792610498326,53771300.0,27.995
Kiribati,12.11170006,2291.90721878662,,12.3946599960327,2.80458625014454,10.6408558565694,8.94533952752792,9.30648236415634,7.87947678824421,8.24594852240229,7.73780106092056,7.42884379681329,119446.0,55.594
"Korea, Dem. People's Rep.",,,,,0.192635219027453,32.0074516237453,7.19675491380847,7.87594503623344,7.3984414790824,8.01400402065959,6.92063649221636,7.45176679730201,25778815.0,62.381
"Korea, Rep.",7.56259203,42251.4450571656,31.4,4.45807981491089,2.63915935436429,25.0394253880491,5.98795180111149,6.55785309150438,6.36319987920321,7.28929183498044,6.04975235837496,6.75405930385173,51780579.0,81.414
Kosovo,,10776.095247312,29.0,,,,,,,,,,1775378.0,
Kuwait,4.99920797,49853.647549412,,6.55125999450684,73.6395507326993,60.7451595380732,5.65980543645165,4.33594727142959,5.39992041625079,5.6745865089583,8.45000685338053,8.66168205424782,4270563.0,100.0
Kyrgyz Republic,6.53458309,4706.57023774881,29.7,5.36674976348877,3.44079642260338,22.737768057102,7.65538513055059,8.11822376187923,8.4793357196002,8.95475122936723,8.71497982511561,8.82668633241098,6591600.0,36.856
Lao PDR,2.24630332,7805.79855611968,38.8,2.93780994415283,0.327020358502169,25.1095383439169,9.46913732193229,9.55311279880519,9.21227718597414,9.2227272403646,8.08149100299633,8.16234431624566,7275556.0,36.29
Late-demographic dividend,5.76562380447317,17297.1557180873,,4.06197023391724,2.08477822373695,40.0083441394375,6.14939469888867,6.62591499796713,6.91509977324592,7.40967383370039,8.46373335635205,8.82445913141873,2307887395.0,64.1097903624903
Latin America & Caribbean,7.96622043532372,14813.2028947043,,4.04276990890503,1.41593111626595,16.7084356295569,8.064305869323,8.46348397029505,7.99491837862624,8.3193266161925,7.71756962866511,7.88090274833288,652276325.0,81.1180900692708
Latin America & Caribbean (excluding high income),7.89105884865899,14289.4010687351,,4.04276990890503,1.10910324547046,16.6266080173643,8.1682723187196,8.56153358284864,8.06377940710823,8.38753891649672,7.75535684359296,7.9145656023056,595242966.0,80.5144457701328
Latin America & the Caribbean (IDA & IBRD countries),7.9097672385982,14733.337595227,,4.04276990890503,1.35816497082903,16.6961862013908,8.12278974601836,8.51462451216534,8.04761721325786,8.36471078508599,7.74344445369712,7.89987688444983,636492840.0,81.1461034090423
Latvia,6.18923044,29932.4939100562,35.1,4.24517011642456,13.3532402640341,13.4264575158321,3.28184834579974,4.15938141294045,5.64449986527231,7.05078358655342,6.83570893313376,8.36834089465983,1901548.0,68.315
Least developed countries: UN classification,4.02388163603064,2928.33255263177,,3.08948993682862,1.2444847363311,45.2788367029739,9.27589016502502,9.44391592001074,8.07870819946844,8.08133059209317,6.91739870958671,6.77235692336767,1057438163.0,34.6407348362421
Lebanon,8.35297012,11649.0501121277,31.8,2.59202003479004,34.1456803007755,30.6211105076066,8.82185305112907,8.56111016355691,8.94773454610679,8.15255260429613,8.32564336152858,6.97970688170779,6825442.0,88.925
Lesotho,9.28354836,2377.86990128458,44.9,7.37501001358032,0.307818842147762,28.0286535158261,9.31915724839722,9.72439566677704,8.70660885172975,9.15615686645536,7.75258868038573,8.57249633379062,2142252.0,29.028
Liberia,6.73955679,1353.84291976355,35.3,2.30928993225098,2.52649198234771,17.9841124551525,9.11460921826158,9.19659442785342,7.47068351716685,7.4682433583123,6.61943797914866,6.60037073177639,5057677.0,52.089
Libya,6.05012751,10282.2910804458,,,12.2824498704933,54.2546817939319,7.83036252222598,7.94955051363075,8.0664207726558,8.03667156085918,8.59896254279878,8.43696134933263,6871287.0,80.691
Liechtenstein,,,,2.55604004859924,62.5962537635555,,,,,,,,38137.0,14.416
Lithuania,6.56775236,36732.034744031,35.7,3.89495992660522,4.72608962255138,11.8532823587456,4.45817012057684,5.43283383082524,5.96770575748955,7.61650715443889,6.12252992537803,7.68523802229706,2794700.0,68.046
Low & middle income,5.40820650838996,10250.2002091091,,3.66319990158081,1.39150099974955,51.5105561384942,7.825465846771,8.17074951447324,7.70618057736187,7.96118791227913,7.88390951349061,7.99978986555348,6509474374.0,51.2299378028054
Low income,5.22603286834998,1962.79496037691,,3.21377992630005,1.57747707617127,43.3057239642899,9.29415035837228,9.46043511270357,7.82853200318846,7.92182563067462,6.47722284793018,6.48553711677157,665149035.0,33.4508610838983
Lower middle income,4.09493253743571,6718.34770818284,,3.7992000579834,0.967978062432787,62.6209525514249,8.54556865528027,8.83914703602023,8.18970007432577,8.3630471151155,7.79838269692222,7.82897314123542,3330652547.0,42.4431319430444
Luxembourg,5.28587103,110261.157353302,35.4,3.66626000404358,43.9641339422687,10.3646374004433,6.22323353448248,6.50089864713333,7.1340610041081,7.46271956839668,7.91754070118847,7.78364241109079,632275.0,91.453
"Macao SAR, China",,55117.5436072753,,3.06146001815796,58.321902771585,,5.21791473185428,5.90451778276193,7.80122286073502,8.33002242870875,10.6647451978105,10.1409804549824,649342.0,100.0
Madagascar,4.78956461,1510.14172617809,42.6,2.94490003585815,0.132347777361949,22.5422828750867,9.66311146983367,9.66260452061689,8.0380069758727,8.01763696848969,6.60520019601626,6.61020039713003,27691019.0,38.534
Malawi,9.33423615,1066.46056308012,44.7,2.90761995315552,1.2498117945782,23.5659214726087,9.53782818707831,9.68765545439349,8.06674520143425,8.02049006167773,6.83451530840092,6.6754031174565,19129955.0,17.427
Malaysia,3.7562995,26435.1715707484,41.1,4.16339015960693,8.28934891611083,16.0358087060705,8.82921300257989,8.86164735301876,8.98505483094098,8.98029458932645,9.00452711550579,9.09616986253168,32365998.0,77.16
Maldives,9.41152477,13049.0466533943,31.3,4.12159013748169,25.8721817536855,7.79582079890031,7.56221725181414,10.5296155461205,10.1475603955185,19.9977837913498,11.3407956926129,17.6334390892549,540542.0,40.669
Mali,3.8849268,2216.77326231685,,3.43867993354797,2.06335973795908,38.5266061638458,8.70739763657198,8.83211071589309,7.04856486365067,7.05301850909605,5.77871212765915,5.751463700869,20250834.0,43.909
Malta,8.96454525,39001.6215993342,28.7,4.65162992477417,9.8984880693625,13.9095433663149,5.51338139824368,5.832354800831,6.5500933585924,7.11046879234035,7.18384146756982,7.72920242073887,525285.0,94.744
Marshall Islands,17.55299377,4022.98045321708,,9.61128997802734,6.19704489272168,10.2413322193799,,,,,,,59194.0,77.794
Mauritania,4.58039093,4983.2206333331,32.6,1.88659000396729,3.39667673329787,47.4229917763898,8.86900516227088,9.02953814185212,7.92528899255577,8.06559025533827,7.13023274501561,7.24883842737906,4649660.0,55.327
Mauritius,5.82624388,19469.5245883739,36.8,4.60799980163574,2.24510921983142,14.4578273223582,7.23481926532741,7.569643653981,7.92923029643622,8.22512271307452,6.85207058345116,7.05871103461465,1265740.0,40.76
Mexico,5.37147474,17887.7507356971,45.4,4.25442981719971,0.939364727416811,20.9211157874081,8.25167544985128,8.72844663910408,8.21673230185505,8.5365516835928,7.65467812819331,7.52861919251435,128932753.0,80.731
"Micronesia, Fed. Sts.",12.59075356,3466.41329281782,40.1,9.69705009460449,2.63833046142064,11.2833994444834,9.97683097221485,10.2718878248974,9.03061495198174,9.5656634746922,6.91710440211528,7.44186046511628,115021.0,22.933
Middle East & North Africa,5.83354852705967,15180.067601134,,4.2559700012207,9.41126965268619,55.6679661814348,7.81898526098575,7.78454330459909,8.28934275831774,8.64071617938485,8.59943640861057,9.05451458027868,464554123.0,65.9741365430288
Middle East & North Africa (IDA & IBRD countries),6.27074458626929,9820.881526392,,,3.35238310101784,54.1031623217731,7.87589452221907,8.0487025033468,8.19373937346395,8.22324339518948,8.42943901777897,8.33345818012891,391344574.0,62.0317464319283
Middle East & North Africa (excluding high income),6.27074458626929,9766.18351922746,,4.21789014339447,3.37726224153119,53.8561942271027,7.8986068784106,8.0699195766578,8.20487874611006,8.2350693215463,8.41493670674694,8.32051100024404,396147843.0,62.2098285066013
Middle income,5.41031337818156,11203.5899883008,,3.85898005962372,1.37199089190242,52.4015530269911,7.6556894296276,8.02611974228055,7.69203704514297,7.96560213372136,8.04651912790118,8.16960336924693,5844325339.0,53.2540087652637
Moldova,6.59544849,12324.7362793838,25.7,6.10457992553711,3.51210659793059,16.2510327081515,5.61500658893155,6.37127300715908,7.70453042564022,8.68369986226373,9.79158043967441,10.9820994610117,2617820.0,42.849
Monaco,1.59738493,,,1.15266001224518,55.7684662479129,,,,,,,,39244.0,100.0
Mongolia,3.78789377,11470.6738325698,32.7,4.94088983535767,0.595444478012824,40.1128490470476,6.82836585895231,7.11598914948803,8.12041222832605,8.44896005607295,9.32606163944992,9.55289624584917,3278292.0,68.657
Montenegro,8.4230423,18278.7307915519,38.5,,13.1900776789324,20.7818135501738,6.23435034441054,6.91453907902745,6.48191017924466,7.19596345990991,6.53261900037481,7.02594964628755,621718.0,67.488
Morocco,5.31261539,6916.34641150088,39.5,,0.257467738138459,32.5935414574286,7.57635218994679,8.00147972742312,7.99873247192553,8.30750334377234,7.76672341895261,7.74389228912096,36910558.0,63.532
Mozambique,8.17430115,1229.08001865892,54.0,6.22999000549316,0.796801385438194,21.2986954591341,9.1690773750249,9.47669693022264,7.53587432782314,7.71079720586362,6.23535525791675,6.3192464430528,31255435.0,37.074
Myanmar,4.79125547,4544.02156851419,30.7,1.97421002388,0.13601460292319,35.5574529190767,8.48711815887871,9.02558677111035,7.923449368072,8.27789958806553,7.50580604112069,7.67301838773861,54409794.0,31.141
Namibia,7.95077181,8788.00829248926,59.1,9.40958976745605,3.81840143482876,25.3587653984573,9.44606498614074,9.79472802661074,8.90040199108944,9.08277535697091,7.71841223067246,7.82149303026834,2540916.0,52.033
Nauru,9.5781002,13527.411941066,34.8,,31.089806300137,,,,,,,,10834.0,100.0
Nepal,5.84083414,3302.81753150162,32.8,4.43445014953613,1.81764555283951,99.7343737198505,10.6738420735309,11.5091993930375,9.68957979394077,8.50304174234658,8.18994458770388,5.81493635770785,29136808.0,20.576
Netherlands,9.97458649,54325.5088285114,28.1,5.35764980316162,11.6956827411211,12.0344080729237,5.79691518503493,6.11848574669869,6.14420460847331,6.42452482650816,6.18279619918192,6.39040334912901,17441139.0,92.236
New Caledonia,,,,,24.4339041798737,,8.02926904847422,8.32624844945574,6.65103209313135,7.24679089604036,7.18767826583,7.38059067025324,271960.0,71.518
New Zealand,9.21034622,42404.366896626,,6.04850006103516,22.95970035283,5.95600112941562,6.4484292862765,7.01879997282887,6.86697361820829,7.52585370710791,6.64658839266416,6.81240066611452,5084300.0,86.699
Nicaragua,8.56453705,5280.14058082509,46.2,3.44283008575439,0.66198270577991,17.6141804489581,8.44636657087453,9.21748601543287,8.53839846057913,9.01802809257028,8.20708961054617,8.37175011769304,6624554.0,59.012
Niger,7.33380175,1196.87755957473,34.3,3.52316999435425,0.951072208218253,94.0538176774282,8.50605630171834,8.73474599563769,6.64345055955354,6.82700686473848,5.32489963212639,5.13532889652688,24206636.0,16.626
Nigeria,3.88990784,4916.72138086439,35.1,,0.658124087599013,71.7981743753326,8.7521366932904,8.77793899101995,7.3258961964671,7.33285787142153,6.32491704776092,6.33099931226908,206139587.0,51.958
North America,16.4154072445522,58692.4149104384,,5.26205015182495,15.2258178246329,7.31107458907148,6.49226894083687,6.86510310908394,6.99933931693127,7.41515229710232,6.79848235720428,7.13256907868091,367553264.0,82.5530665548055
North Macedonia,6.58288956,15848.4192939955,33.0,,6.28977417338761,29.7269445083568,6.07337918211686,6.43441179659755,7.14392042633414,7.51373867584785,7.59328460339458,7.95926807666215,2083380.0,58.482
Northern Mariana Islands,,,,,39.3099691301979,9.89298112932514,,,,,,,57557.0,91.798
Norway,10.0493927,63583.7359847921,27.6,7.64411020278931,14.2356111639164,6.95651980294718,6.37208117529862,6.65759605077842,6.73758111394684,7.02420416477037,6.87811211076587,7.0224888256606,5379475.0,82.974
OECD members,12.4508048901855,42266.4135794314,,4.8984899520874,9.7082666536189,14.5347198968775,6.13410271028568,6.59535105417439,6.48180479694485,6.94642011461347,6.56548342959442,6.91727496284222,1370858752.0,81.01559004659
Oman,4.13171434,27299.3754183006,,5.41320991516113,41.085873617455,41.1152382655137,7.41243912664882,5.94463879319809,10.183645167681,17.1993602810491,11.4688388336274,19.8463903057061,5106622.0,86.276
Other small states,4.48878487700159,21122.3235820904,,4.71929979324341,15.4831316769051,34.7543888105723,8.25023829921457,8.59871642697275,8.47764349671123,10.5414785665491,8.119216693281,10.323822367577,31941786.0,63.0624654450756
Pacific island small states,4.92033319720912,6120.85063699272,,,2.01087374469925,11.2676407651103,8.40872169021378,8.6807041072381,7.74068799619125,7.75880194934084,6.96073067751379,6.83527615256036,2528958.0,39.2578875204729
Pakistan,3.20193386,4622.77076938075,31.6,2.50755000114441,1.92084606074688,58.2824187715197,9.35485514854441,9.44996774799622,8.70832753685766,8.63976211839032,7.6675379193967,7.56313557479459,220892331.0,37.165
Palau,10.86687088,17572.6226006793,,,26.6027899112301,,,,,,,,18092.0,80.988
Panama,7.26584625,25388.4996718708,49.8,3.12736010551453,4.70102752739085,11.4000543321554,8.00384985205728,8.17587088171565,7.58229662052042,7.6764449876845,7.3237216969049,7.37601163027576,4314768.0,68.414
Papua New Guinea,2.36706114,4101.21888131812,,1.8748300075531,0.338376608624312,12.2944182563739,9.28707876650936,9.41605123561975,7.98850410657337,8.04632676542751,7.10356694690857,7.1244279862489,8947027.0,13.345
Paraguay,6.65451145,12339.1956849491,45.7,3.46971011161804,2.35666668624757,11.9090808488171,9.4449527816497,9.55873588716353,8.97772912943216,9.05817854738492,8.30749365053575,8.37739628513724,7132530.0,62.183
Peru,5.23800182,11260.8457538125,41.5,4.24667978286743,0.289645140800474,24.786728048654,8.43185538207126,7.3814279432572,8.47539720994815,8.31175131754192,7.95752366626409,8.38269142074728,32971846.0,78.297
Philippines,4.40060663,7953.58164428408,42.3,3.23436999320984,0.210390539089137,18.0697989132741,9.00527127565384,9.43460995214781,8.56457459324325,8.73653217200258,7.47983493259491,7.57199158804499,109581085.0,47.408
Poland,6.33085012,32238.157259275,30.2,4.61579990386963,1.60418083655994,20.8778222190899,4.97553863343791,5.42766577799629,6.16169526635317,6.89014647983085,6.94915330691575,8.01704864187431,37950802.0,60.043
Portugal,9.40783501,32177.9650722128,33.5,4.67515993118286,8.0895935893659,8.16075224791735,5.023346851744,5.59585608227471,5.04346719035385,5.44969210416013,5.34689157519916,5.67421373895789,10305564.0,66.31
Post-demographic dividend,12.884163200403,46455.0314998078,,4.99274015426636,12.0888751655835,11.592466282417,5.56918450733374,6.05893818989069,6.05712264892741,6.57316712003159,6.33842059537078,6.76664738342233,1115116448.0,81.6563408983992
Pre-demographic dividend,4.25680123504909,3361.59580424725,,3.32622992992401,1.57278171549192,48.6356627267103,9.10271956475374,9.19181718509163,7.63464213728407,7.66292291596528,6.45223944424492,6.42937994696246,970795671.0,42.3304784703917
Puerto Rico,,33442.8315702748,,6.07265996932983,7.46549639203331,8.34903333944518,4.28247245439846,5.82935822320323,4.68783423081573,5.51102973180733,5.19310818549121,5.78509470180404,3194034.0,93.581
Qatar,2.49480486,85266.2105859195,,3.19033002853394,75.4976278935561,91.1873279323164,6.72430771379684,8.74319615174112,10.2122429025387,18.7894057414434,13.1416000279359,18.5239257598256,2881060.0,99.235
Romania,5.55660582,28832.6231487683,35.8,3.34474992752075,1.16313480315329,14.6113401886611,4.93079057889854,5.58620820892906,5.19803678151151,6.01486308616117,6.74836626105221,7.79527325037909,19286123.0,54.194
Russian Federation,5.31590033,26456.3879381321,37.5,4.67819976806641,8.11621785991527,16.1602238064949,4.13921416183258,4.98805157558514,5.64186133880405,6.76496270366871,7.97392796635244,9.3150253519725,144104080.0,74.754
Rwanda,7.54268694,2098.7103615481,43.7,3.4072699546814,3.80308098441419,43.2102171630293,9.06745831066742,9.21076333610839,7.97102043531308,7.89341886861436,7.49829379213696,7.61424819522976,12952209.0,17.432
Samoa,5.21262693,6295.73184093032,38.7,4.80916023254395,2.55087254435175,11.5480270054414,8.14778438358741,8.54308053318793,7.15830608001505,7.66481991762655,5.70177729946608,6.03682463024449,198410.0,17.889
San Marino,7.14421701,60847.1067610929,,3.37969994544983,14.8422013152513,,,,,,,,33938.0,97.499
Sao Tome and Principe,6.26645994,4051.60486257032,56.3,5.92154979705811,1.25772285966461,28.5395843568146,8.42756151471421,8.61636653749715,6.7451546316424,6.89582858445407,6.37615768226075,6.47549578299521,219161.0,74.354
Saudi Arabia,6.3615365,44328.1839106864,,,32.2949424946542,87.9454466778152,7.5264196111863,6.1002494224419,9.24795875160454,8.26469894554293,9.6510901131063,10.0386422978576,34813867.0,84.287
Senegal,3.97799659,3300.0854932471,40.3,5.28719997406006,1.73995141736156,40.6958258953758,8.86024906845737,9.29457818312439,7.74439251873146,7.83956498671792,6.75877988766083,6.5018599804058,16743930.0,48.122
Serbia,8.53899002,18210.0046204616,36.2,3.61922001838684,9.12262208400769,24.7263581904237,5.74432798478325,6.38143157000419,6.23163999345854,6.90495556763858,6.73158177982955,7.42696074983685,6908224.0,56.446
Seychelles,5.11036491,24361.8939424167,32.1,3.91458988189697,13.2589068217392,20.1786493605547,6.45915534122461,6.48109597731914,6.99567858708586,7.36929756735859,6.74933717458926,7.67659945676956,98462.0,57.546
Sierra Leone,16.06307983,1648.05335993719,35.7,9.26146984100342,1.41345729487955,21.6259466795766,9.4044766609289,9.50061023716487,8.08139456311788,8.25323473421214,6.81755046491944,7.07018593960323,7976985.0,42.923
Singapore,4.46444654,92995.9723729519,,2.50665998458862,45.3917919104027,19.0782564997534,6.39209120522107,7.16203767351989,7.07557083963694,7.78014386121086,7.32405671847999,7.52634413114249,5685807.0,100.0
Sint Maarten (Dutch part),,35342.1066072069,,,70.4477997160924,,,,,,,,40812.0,100.0
Slovak Republic,6.68639565,30345.6787811086,25.0,3.975830078125,3.26541789940692,17.5629113438527,5.05789735981185,5.60564894437759,6.36064150474588,7.03063669113053,7.17269677891048,7.88326708617973,5458827.0,53.76
Slovenia,8.29891014,37089.0950778565,24.6,4.93603992462158,11.4129640933173,16.0239799760869,4.4509831350328,4.81641760768138,5.10327660577444,5.40121518889522,6.16526556430858,6.71502951035036,2100126.0,55.118
Small states,4.7661836953406,19084.9918590124,,4.71929979324341,12.6659542040936,30.4722479268702,8.22516341594457,8.5876710444874,8.34393398841525,10.0159844525663,7.92644423672764,9.68513221811201,41913035.0,59.5830710084345
Solomon Islands,4.47443104,2482.87191978213,37.1,10.1349000930786,0.442947201036342,11.8791218449166,8.65154495047628,9.10090419226827,7.28253400312781,7.51527506570998,6.3622577129046,6.04961318437162,686878.0,24.67
Somalia,,,36.8,,0.234455883618068,32.0345842282344,9.61168669310535,9.69584256205163,7.31023152835215,7.28208814466575,5.49846583040662,5.43156580688728,15893219.0,46.141
South Africa,8.25342083,11466.189671582,63.0,6.83613014221191,5.76709044891315,25.1022049863671,8.132443380413,8.47761494621511,8.60263084594864,8.99724438776928,8.85291432022102,9.27584161726111,59308690.0,67.354
South Asia,3.48467393830339,5776.13573657844,,2.50755000114441,0.660188429792919,82.8693453449474,8.85940055777609,9.15273902949643,8.43805805014171,8.62349557447916,7.99120038371437,8.0392661381949,1856882402.0,34.8822931298263
South Asia (IDA & IBRD),3.48467393830339,5776.13573657844,,2.50755000114441,0.660188429792919,82.8693453449474,8.85940055777609,9.15273902949643,8.43805805014171,8.62349557447916,7.99120038371437,8.0392661381949,1856882402.0,34.8822931298263
South Sudan,6.40037966,,44.1,1.54390001296997,6.67856203968099,45.5775055664158,9.44539294168993,9.5323695425355,8.0421377229925,8.05234468448588,6.66163451365344,6.63466127337894,11193729.0,20.199
Spain,8.97741413,36219.938441774,34.7,4.17816019058228,12.6902371918259,9.69792786284953,4.63039365220494,5.02632522856962,4.86841914340012,5.24038335583714,5.47989827747588,5.72733763425362,47351567.0,80.81
Sri Lanka,3.75841475,12536.9413881921,39.3,2.13539004325867,0.186850018416597,11.0996172423996,6.75372170517605,7.2354397935748,6.56424394299643,6.56997116393508,6.54146426412082,6.07051419592064,21919000.0,18.713
St. Kitts and Nevis,5.31148005,23259.3623116038,,2.6434600353241,13.3934355430792,,,,,,,,53192.0,30.843
St. Lucia,4.39812708,12270.0132882689,51.2,3.56905007362366,6.90328055827329,22.4008171246298,8.53047517890287,8.75782442325982,9.0765715021404,9.38488420959501,7.82237385604086,7.74258476919334,183629.0,18.841
St. Martin (French part),,,,,,,,,,,,,38659.0,
St. Vincent and the Grenadines,4.47178459,12105.3813615785,,5.69377994537354,4.18135974128008,22.2005163158424,8.30820954155932,8.4367996015511,7.40375303769482,7.39976519975809,7.14977434267025,7.1631861681312,110947.0,53.032
Sub-Saharan Africa,5.09403364625313,3622.11903004536,,3.53498005867004,1.87438527312666,44.613143856311,9.10729078136937,9.2279306642243,7.75281217464198,7.7971693932362,6.62810151624538,6.60309319704061,1136046775.0,41.2521423477946
Sub-Saharan Africa (IDA & IBRD countries),5.09403364625313,3622.11903004536,,3.53498005867004,1.87438527312666,44.613143856311,9.10729078136937,9.2279306642243,7.75281217464198,7.7971693932362,6.62810151624538,6.60309319704061,1136046775.0,41.2521423477946
Sub-Saharan Africa (excluding high income),5.09401843755678,3620.32825448443,,3.53498005867004,1.8733131897064,44.6153740714588,9.10751397694217,9.22817535592408,7.75287598892511,7.79720750862948,6.62809129801341,6.60299756767031,1135948313.0,41.2507300248977
Sudan,4.51304483,4022.86596657319,34.2,,1.2513445422805,55.3708344433937,9.38066921417371,9.59079612521765,7.83820999879044,7.97867559641663,6.40493877168936,6.363017433234,43849269.0,35.253
Suriname,7.96947193,14444.1591998255,,7.23706007003784,8.62581150145034,24.7800105357684,8.05758502049265,8.5553316916648,7.90269077351172,8.13202542551099,7.16351623648102,7.48417689317622,586634.0,66.149
Sweden,10.8985014,51003.2807725782,30.0,7.64084005355835,16.7675587503806,6.18466509039924,5.23258132464923,5.53567768154124,7.11638916791642,7.40183678540218,6.74496455881895,6.97736109905876,10353442.0,87.977
Switzerland,11.87620926,66358.9848260085,33.1,4.86093997955322,29.3866855419963,10.3031001048906,5.45612558673873,5.73512314004315,6.28490909132601,6.55526489362891,6.78738904418054,7.02377092859033,8636896.0,73.915
Syrian Arab Republic,3.5656538,,,,4.73013438841734,43.7572594654519,8.982881251064,9.34174575188655,8.35222602771071,8.74935288722173,8.57328656914772,8.80692095321211,17500657.0,55.475
Tajikistan,7.2394805,3473.84421747585,34.0,5.71290016174316,3.24291089626031,46.1521853683313,8.62984540683835,8.85289626692092,8.49989771559186,8.58373885550981,8.3393069681887,8.14769760648625,9537642.0,27.506
Tanzania,3.62868047,2635.3358910827,40.5,3.10434007644653,0.488535530485828,29.0766405124356,8.77435929097729,8.84558120924691,7.65989344146132,7.68708484790581,6.54646162103971,6.52104437798423,59734213.0,35.227
Thailand,3.79303908,17284.5082918548,34.9,2.96898007392883,5.75823265195895,26.2567265583447,6.58033821476066,7.21282068040862,6.6841951248535,7.14594215519845,6.23702939767848,6.57044708747497,69799978.0,51.43
Timor-Leste,4.32635784,3181.13718760249,28.7,6.83091020584106,0.914442948601621,19.2572091668723,9.80573443728918,9.88109425704174,8.71527138914444,8.74787239471543,6.8261269549218,6.80533499839398,1318442.0,31.32
Togo,6.16532087,1588.60238023094,43.1,4.96937990188599,3.79000676014412,35.7313356081261,8.90989011940136,9.05813073930112,7.57724856365191,7.67987310785735,6.81962708924724,6.88458815886958,8278737.0,42.8
Tonga,5.09657621,6378.1283460138,37.6,7.95963001251221,5.39794668927192,10.7854788558585,8.80798590722255,9.54181158324512,7.07480158354327,7.00703160441554,6.10118765745459,5.46083471949191,105697.0,23.099
Trinidad and Tobago,6.93182945,23822.9230596276,,3.56123995780945,3.66763032980219,24.1085684320503,5.98678416583868,6.26343265112954,6.82131243790082,7.08795320046255,8.19398654141451,8.50644115974163,1399491.0,53.214
Tunisia,7.29209566,9727.47395497889,32.8,7.32434988021851,0.503849717164906,37.6559937453942,6.63289506679069,7.27053456621266,7.50916519438336,7.79205467148243,8.03601490869382,7.66819684572901,11818618.0,69.568
Turkey,4.12414074,28384.9877843092,41.9,4.29460000991821,3.76900110251173,44.3115256776956,7.77640332134493,8.28431079981627,7.39872442512275,7.7929226122748,7.43850154399198,7.73011657544981,84339067.0,76.105
Turkmenistan,6.60540628,15538.4199701316,,3.12065005302429,3.65471158287463,21.767720976212,7.45862750201919,7.85243036260949,8.89059227395483,9.29626748301794,8.59201724954987,8.82764009146906,6031187.0,52.516
Turks and Caicos Islands,,21122.0057129754,,3.48839998245239,34.0371006727045,,,,,,,,38718.0,93.605
Tuvalu,19.04735947,4411.00311573521,39.1,,1.42194433239209,,,,,,,,11792.0,64.014
Uganda,6.52623558,2177.59585383955,42.8,3.01393008232117,1.92012616805897,50.4943213226178,9.50447502202147,9.41904782137999,7.89438886807688,7.59953977960923,6.39447149574094,6.05574528368792,45741000.0,24.954
Ukraine,7.72391653,12377.0172931178,26.6,5.43965005874634,10.7864611551484,20.3097758188675,4.45343327448953,5.43251719821619,5.72504482307683,6.95223170654431,7.49851377963701,9.00594024186173,44134693.0,69.608
United Arab Emirates,4.22590351,67119.1532453006,26.0,3.10269999504089,88.4040483728066,40.9175098248731,7.48196411913226,7.12734238699633,11.4980725600195,15.83349533501,15.5140827707199,19.3369004420342,9890400.0,87.048
United Kingdom,9.99696255,41627.129269425,35.1,5.23890018463135,13.200978246274,10.4726903888942,5.8292276907926,6.17926288253246,6.43185253585466,6.78286879462913,6.83031118267808,7.03901016071741,67215293.0,83.903
United States,16.88529778,60162.9090399543,41.4,,14.4906535240608,7.40944166188307,6.54002711010246,6.91312498864372,6.99145469567558,7.41483021358795,6.78758143381085,7.14500192739287,329484123.0,82.664
Upper middle income,5.81972120159752,17136.5651162149,,3.88286006450653,1.88751746384746,39.1762240622807,6.49091128795983,6.93420012025318,7.04063739269784,7.43182180776894,8.37130914729259,8.62707980661303,2513672792.0,67.5887002309829
Uruguay,9.20269966,20026.0365355299,39.7,4.68332004547119,2.09231674852946,9.27488332030728,6.95497526722591,7.69786264490543,7.06336391348737,7.78628355704698,6.61928237358882,7.19605609365467,3473727.0,95.515
Uzbekistan,5.29149055,6994.16941167262,,5.11241006851196,3.91690323992971,28.455901201856,8.12441074651683,8.50268893935995,9.2333654557779,9.67846281571246,8.98397182828024,9.12491754466303,34232050.0,50.416
Vanuatu,3.37372637,2762.791388307,37.6,2.3125,1.20422290404002,11.6527770296143,8.39957744619041,8.47003661121459,8.67555790307672,7.52713725993962,7.94863330252212,7.0383454300212,307150.0,25.525
"Venezuela, RB",3.56269026,,,1.34407997131348,4.51473657184212,17.0085535697031,7.24450351605157,7.54186005337745,7.09472852799018,7.17522974012316,7.30822916126768,7.20926637326517,28435943.0,88.279
Vietnam,5.91789675,8200.33186703573,35.7,4.06197023391724,0.07789713082094,29.6267283386303,6.8116487272788,7.2022813823723,8.62873125045996,8.97896661061116,8.53116522869593,8.80465582158569,97338583.0,37.34
Virgin Islands (U.S.),,,,,53.3638784092727,10.2653122841077,5.68202546422969,6.7922017701256,5.67837729378717,6.31842099957662,4.69884352996972,4.25797866978488,106290.0,95.939
West Bank and Gaza,,5394.07168818239,33.7,5.31887006759644,5.4730397522441,33.2256303758951,9.76135886845805,9.78743093757139,9.11847346034612,9.19237208302683,7.22553088256057,7.27244333237597,4803269.0,76.719
World,9.85836909409327,16135.4770463024,,3.66319990158081,3.34669875227316,45.5285586473769,7.48902372239552,7.85275292343123,7.47282747236274,7.79204720437147,7.6608265215299,7.86301034750289,7752840547.0,56.15040059313
"Yemen, Rep.",4.88250208,,36.7,,1.28252922839207,50.4560068932715,9.75009565243065,9.86447573824533,9.37985672978612,9.44552690069241,7.80885296604962,7.81051694893539,29825968.0,37.908
Zambia,4.93484306,3270.03511228554,57.1,4.46517992019653,0.789025650319302,27.438034758712,9.48333952881979,9.52207435653673,7.86290196585479,7.7303255649837,6.59229927970736,6.38961459544243,18383956.0,44.629
Zimbabwe,4.73433113,2538.22010542445,50.3,3.58728003501892,2.55638252510727,22.2516710932407,9.08112903535065,9.47745420550732,7.74160887318704,7.10049760223124,7.26514000857299,6.06747593418509,14862927.0,32.242
